INSERT INTO RESTAURANT VALUES(01,'Panera', 100, 1000);
INSERT INTO RESTAURANT VALUES(02,'Shake Shack', 200, 2000);
INSERT INTO RESTAURANT VALUES(03,'Wing Stop', 300, 3000);
INSERT INTO RESTAURANT VALUES(04,'Burger King', 400, 4000);
INSERT INTO RESTAURANT VALUES(05,'Taco Bell', 500, 5000);

INSERT INTO MENU VALUES(100, 'Panera Menu');
INSERT INTO MENU VALUES(200, 'Shake Shack Menu');
INSERT INTO MENU VALUES(300, 'Wing Stop Menu');
INSERT INTO MENU VALUES(400, 'Burger King Menu');
INSERT INTO MENU VALUES(500, 'Taco Bell Menu');

INSERT INTO MENU_ITEMS VALUES(11000, 'Chicken Caeser Salad', 100, 8.99);
INSERT INTO MENU_ITEMS VALUES(11001, 'Half Asian Sesame Salad with Chicken', 100, 5.59);
INSERT INTO MENU_ITEMS VALUES(11002, 'Toasted Tuscan Grilled Chicken', 100, 9.99);
INSERT INTO MENU_ITEMS VALUES(22000, 'Strawberry Milk Shake', 200, 4.99);
INSERT INTO MENU_ITEMS VALUES(22001, 'Shack Stack', 200, 10.49);
INSERT INTO MENU_ITEMS VALUES(22002, 'Grilled Cheese', 200, 3.79);
INSERT INTO MENU_ITEMS VALUES(33000, 'Classic, Boneless or Mix & Match Wings 10 pc', 300, 10.99);
INSERT INTO MENU_ITEMS VALUES(33001, 'Classic, Boneless or Mix & Match Wings 15 pc.', 300, 17.09);
INSERT INTO MENU_ITEMS VALUES(33002, 'Classic, Boneless or Mix & Match Wings 6 pc.', 300, 7.79);
INSERT INTO MENU_ITEMS VALUES(44000, 'Whopper', 400, 4.99);
INSERT INTO MENU_ITEMS VALUES(44001, 'Double Cheeseburger', 400, 3.99);
INSERT INTO MENU_ITEMS VALUES(44002, 'Fries', 400, 1.99);
INSERT INTO MENU_ITEMS VALUES(55000, 'LOADED NACHO TACO BOX', 500, 5.00);
INSERT INTO MENU_ITEMS VALUES(55001, 'BURRITO SUPREME COMBO', 500, 7.49);
INSERT INTO MENU_ITEMS VALUES(55002, 'CHALUPA CRAVINGS BOX', 500, 5.99);

INSERT INTO ORDER_HISTORY VALUES(9000, 1111, 14.58);
INSERT INTO ORDER_HISTORY VALUES(9001, 2222, 15.48);
INSERT INTO ORDER_HISTORY VALUES(9002, 3333, 10.99);
INSERT INTO ORDER_HISTORY VALUES(9003, 4444, 10.97);
INSERT INTO ORDER_HISTORY VALUES(9004, 5555, 12.49);

INSERT INTO ORDER_ITEMS VALUES(6000, 9000, 11000, 1);
INSERT INTO ORDER_ITEMS VALUES(6001, 9000, 11001, 1);
INSERT INTO ORDER_ITEMS VALUES(6002, 9001, 22000, 1);
INSERT INTO ORDER_ITEMS VALUES(6003, 9001, 22001, 1);
INSERT INTO ORDER_ITEMS VALUES(6004, 9002, 33000, 1);
INSERT INTO ORDER_ITEMS VALUES(6005, 9003, 44000, 1);
INSERT INTO ORDER_ITEMS VALUES(6006, 9003, 44001, 1);
INSERT INTO ORDER_ITEMS VALUES(6007, 9003, 44002, 1);
INSERT INTO ORDER_ITEMS VALUES(6008, 9004, 55000, 1);
INSERT INTO ORDER_ITEMS VALUES(6009, 9004, 55001, 1);

INSERT INTO PAYMENT VALUES(1111, 'approved', 'credit card');
INSERT INTO PAYMENT VALUES(2222, 'declined', 'credit card');
INSERT INTO PAYMENT VALUES(3333, 'due on receipt', 'cash');
INSERT INTO PAYMENT VALUES(4444, 'approved', 'credit card');
INSERT INTO PAYMENT VALUES(5555, 'approved', 'gift card');

INSERT INTO RESTAURANT_ADMIN VALUES(9999, 01);
INSERT INTO RESTAURANT_ADMIN VALUES(9998, 02);
INSERT INTO RESTAURANT_ADMIN VALUES(9997, 03);
INSERT INTO RESTAURANT_ADMIN VALUES(9996, 04);
INSERT INTO RESTAURANT_ADMIN VALUES(9995, 05);

COMMIT;